<?xml version="1.0"?> 
  <rss version="2.0"><channel> 
				<title>Selamat datang di Swarakalibata V.3 Tunggul News Full Color RSS</title> 
				<link>http://localhost/sekolah_v1/</link> 
				<image>
				<url>http://localhost/sekolah_v1//logo/header.jpg</url>
				<link></link>
				<width>100</width>
				<height>35</height>
				</image>
				<language>id-id</language><item>
                 <title>Anak SMA ini Menabung Untuk Bisnis Kuliner</title>
                 <link>http://localhost/sekolah_v1//berita-anak-sma-ini-menabung-untuk-bisnis-kuliner.html</link>
                 <description>Aneka komentar di Twitter tidak pernah dimasukkan ke hati oleh&amp;nbsp;Jessica Mila, gadis berdarah Jawa, Belanda, dan Manado ini.&amp;nbsp;
&quot;Ada juga yang memarahiku (di Twitter) gara-gara mutusin Tristan. Ada yang mengancam, katanya kalau enggak balik lagi, dia enggak mau menonton (GGS) lagi,&quot; tambahnya.&amp;nbsp;&amp;nbsp;&amp;nbsp; &amp;nbsp;Setelah meraih Sarjana Ekonomi Universitas Bina Nusantara Jakarta, Mila fokus pada kariernya. &quot;Aku ingin fokus berkarier dulu. Sambil ...</description>
                 </item><item>
                 <title>Dukungan Orangtua Bagi Karier Jessica Mila</title>
                 <link>http://localhost/sekolah_v1//berita-dukungan-orangtua-bagi-karier-jessica-mila.html</link>
                 <description>Kelangsungan karier&amp;nbsp;Jessica Mila&amp;nbsp;tak lepas dari dukungan mendiang sang ayah, Bambang Sutejo, yang meninggal pada 3 Mei 2014, dalam usia 62 tahun.&amp;nbsp;
&quot;Papa sangat support karierku. Papa, apa pun yang aku lakukan, selalu support. Kuliahku, juga karierku, selalu support,&quot; tandasnya.&amp;nbsp;
Dukungan serupa ditunjukkan ibunda Mila, M. Baker. Merasa tak ada teman di rumah, ia kerap menemani Mila di lokasi syuting.&amp;nbsp;
&quot;Daripada di rumah, katanya ...</description>
                 </item><item>
                 <title>3 Cewek K-Pop Paling Hot Jalan Bersama</title>
                 <link>http://localhost/sekolah_v1//berita-3-cewek-kpop-paling-hot-jalan-bersama.html</link>
                 <description>Sudah banyak line seangkatan yang jadi perbincangan pecinta K-Pop. Tiap line punya keunikam masing-masing karena berisi artis idola dari boyband atau girlband populer.&amp;nbsp;
Tapi dari sekian pertemuan &amp;nbsp;istimewa sesama idola, pertemuan 3 idola paling panas di industri hiburan K-Pop ini layak jadi pembicaraan. Ya, Soyu SISTAR, Min Miss A, dan Nicole eks. KARA secara mengejutkan &amp;nbsp;memperlihatkan persahabatanmereka.
Min yang membocorkan pertemuan itu lewat akun Instagramnya, ...</description>
                 </item><item>
                 <title>Ahli Kejiwaan Sebut Marshanda Keterlaluan</title>
                 <link>http://localhost/sekolah_v1//berita-ahli-kejiwaan-sebut-marshanda-keterlaluan.html</link>
                 <description>LEWAT sebuah video berjudul The Truth Part #1 yang diunggah ke Youtube Kamis (7/8) malam, Marshanda muncul menjelaskan insiden penjemputan paksa yang dia alami pada 26 Juli 2014 lalu.
Saat itu, saat sedang berada di kamar apartemennya, Caca--sapaan akrabnya--mengaku didatangi oleh tak kurang dari 7 orang. Mereka terdiri dari 3&amp;nbsp;petugas dari rumah sakit jiwa, petugas kepolisian, petugas keamanan apartemen, serta pengurus apartemen.
Pada kesempatan itu, menurut Caca, perawat laki-laki ...</description>
                 </item><item>
                 <title>7 Efek Buruk dari Konsumsi Obat Tidur</title>
                 <link>http://localhost/sekolah_v1//berita-7-efek-buruk-dari-konsumsi-obat-tidur.html</link>
                 <description>Konsumsi obat tidur kerap dipilih bagi mereka yang mengalami kesulitan tidur atau insomnia. Mereka berpikir bahwa obat tidur mampu memberikan apa yang diinginkan, yaitu tidur dengan lelap. Namun kenyataannya, obat tidur tidak dapat mengobati kondisi tersebut, bahkan hanya memperburuk masalah saja.&amp;nbsp;Di bawah ini beberapa jenis masalah terkait dengan pil tidur dan penggunaan yang terlalu berlebihan, seperti dikutip&amp;nbsp;Health Me Up, Senin (11/8/2014):
1. Efek samping dari obat tidur ...</description>
                 </item><item>
                 <title>5 Buah Penangkal Racun dalam Tubuh</title>
                 <link>http://localhost/sekolah_v1//berita-5-buah-penangkal-racun-dalam-tubuh.html</link>
                 <description>Setiap hari tubuh memproduksi racun yang berasal dari udara yang dihirup dan makanan yang dikonsumsi. Akhirnya, racun pun memengaruhi kesehatan kita. Kulit mengalami kerusakan, pencernaan yang bermasalah, sampai ketidakseimbangan hormon, merupakan akibat dari racun yang ada di dalam tubuh.Maka itu, untuk membersihkan racun-racun dalam tubuh (detoksifikasi), dianjurkan untuk mengonsumsi beberapa jenis buah yang memiliki peran besar untuk hal ini.&amp;nbsp;Lemon kaya akan vitamin C, yang ...</description>
                 </item><item>
                 <title>ROBOT Kecil Cikal Bakal Transformer</title>
                 <link>http://localhost/sekolah_v1//berita-robot-kecil-cikal-bakal-transformer.html</link>
                 <description>Anda penyuka Transformer? Tentu hal yang paling menarik saat menonton film Transformer salah satunya adalah saat adegan transformasi yang begitu keren dari sebuah mobil atau truk menjadi robot yang gagah. Nah tapi jangan pernah berpikir kalau Transformer tidak mungkin terwujud di masa depan karena banyak film fiksi yang menjadi non fiksi berkat kecanggihan teknologi. Nah kali ini ada robot kecil yang mampu menampilkan kemampuan berubah diri dengan konsep lipatan karena terinspirasi dari ORIGAMI ...</description>
                 </item><item>
                 <title>Apple iWatch Bakal Dirilis Bulan Depan</title>
                 <link>http://localhost/sekolah_v1//berita-apple-iwatch-bakal-dirilis-bulan-depan.html</link>
                 <description>iWatch yang sudah lama dinanti-nanti oleh banyak pihak bakal secara resmi diluncurkan. Salah satu orang yang punya reputasi bagus dalam membocorkan informasi produk Apple, John Gruber, menyatakan bahwa iWatch akan direlease bulan depan.
Peryataan seorang publisher asal Philadelphia ini memang dipercaya banyak orang sebagai kebenaran. Pasalnya, Apple akan menggelar event pada 9 September mendatang. Kemungkinan besar, iPhone 6 sekaligus iWatch bakal secara resmi direlease pada saat yang ...</description>
                 </item><item>
                 <title>Pentax Q-S1 Kamera Mirorless Style Retro</title>
                 <link>http://localhost/sekolah_v1//berita-pentax-qs1-kamera-mirorless-style-retro.html</link>
                 <description>Q-S1 ini menawarkan ISO sampai 12,800 dengan kecepatan shutter sampai 1/2000 detik , selain itu kamera kompak ini pun menyertakan sensor gyro untuk mengurangi efek getaran atau goyangan. Kamera kompak retro ini pun mampu merekam video FULL HD dengan kecepatan 30fps dan mendukung 8 lensa yang kompatibel dengan Q-mount.
Ada juga fungsi efek digital filter sebanyak 17 buah untuk menghasilkan efek bokeh, plus ada tambahan 21 mode adegan/scene serta mode 11 custom image. Layar LCDnya berukuran 3 ...</description>
                 </item><item>
                 <title>Risma Akan Tolak Tawaran Jadi Menteri</title>
                 <link>http://localhost/sekolah_v1//berita-jabatan-belum-tuntas-risma-akan-tolak-tawaran-jadi-menteri.html</link>
                 <description>&quot;Saya tidak ingin. Saya masih punya janji, saya di Surabaya saja.&quot;
Wali Kota Surabaya Tri Rismaharini mengaku tidak tertarik masuk ke dalam kabinet Joko Widodo-Jusuf Kalla.&amp;nbsp;Risma mengatakan masih punya janji pada warga Surabaya. Sehingga dia ingin menuntaskan janjinya memimpin Surabaya hingga berakhir.&quot;Tidak, tidak. Saya tidak ingin (masuk kabinet). Saya masih punya janji, saya di Surabaya saja,&quot; kata Risma, Kamis 24 Juli 2014.Hingga saat ini pun Risma mengaku ...</description>
                 </item></channel></rss>